{"cameraMode":{"drawMode":0,"name":"Shaded","section":"Shading Mode"},"sceneLighting":true,"audioPlay":false,"sceneViewState":{"showFog":true,"showMaterialUpdate":false,"showSkybox":true,"showFlares":true,"showImageEffects":true,"showParticleSystems":true},"in2DMode":false,"pivot":{"x":198.99356079101563,"y":60.87786865234375,"z":301.3280029296875},"rotation":{"x":-0.11554724723100662,"y":0.008042682893574238,"z":-0.0009356201626360416,"w":-0.9932690262794495},"size":82.39701080322266,"orthographic":false}